matrix,flops
audikw_1,1.12476E+13
cage12,3.45966E+12
Si87H76,6.38981E+13
atmosmodd,1.23475E+13
RM07R,2.942E+13
nlpkkt80,3.23464E+13
