matrix,flops
audikw_1,1.1146E+13
cage12,3.59906E+12
Si87H76,6.05025E+13
atmosmodd,1.28022E+13
RM07R,3.04284E+13
nlpkkt80,3.07049E+13
